First Name,Last Name
Jane,Brown
John,Miller
Jane,Miller
John,Wilson
John,Taylor
John,Johnson
Jane,Miller
Chris,Davis
Sarah,Brown
Michael,Brown
Katie,Johnson
Katie,Moore
Michael,Johnson
Chris,Davis
Michael,Jones
Alex,Davis
Alex,Davis
Chris,Smith
Sarah,Taylor
Alex,Johnson
Sarah,Jones
Chris,Williams
Alex,Taylor
Emily,Miller
Sarah,Moore
Katie,Jones
Sarah,Jones
David,Davis
Jane,Smith
Alex,Miller
Chris,Smith
Chris,Moore
Chris,Davis
John,Wilson
Katie,Johnson
Alex,Smith
Chris,Johnson
Sarah,Williams
Jane,Jones
Laura,Moore
Jane,Williams
Jane,Jones
Jane,Miller
Emily,Taylor
John,Moore
Chris,Williams
Emily,Jones
Sarah,Taylor
Alex,Jones
Michael,Williams
Michael,Williams
Alex,Smith
Sarah,Miller
Emily,Davis
Jane,Moore
Alex,Williams
Sarah,Taylor
Chris,Johnson
Emily,Davis
Sarah,Williams
Michael,Smith
Katie,Brown
Emily,Moore
Alex,Jones
Laura,Davis
Jane,Davis
Jane,Moore
Chris,Moore
Alex,Taylor
Sarah,Jones
John,Moore
Laura,Johnson
John,Jones
David,Williams
Laura,Williams
John,Taylor
David,Jones
Alex,Smith
Jane,Johnson
Sarah,Moore
Sarah,Brown
Michael,Taylor
David,Davis
Chris,Jones
Chris,Wilson
Alex,Wilson
Emily,Jones
Chris,Jones
John,Davis
Katie,Jones
David,Wilson
Michael,Miller
Sarah,Wilson
David,Williams
Alex,Taylor
Emily,Miller
Katie,Williams
Katie,Johnson
John,Wilson
David,Wilson
Chris,Miller
Alex,Moore
John,Miller
Chris,Taylor
Jane,Miller
David,Jones
Alex,Brown
David,Johnson
David,Davis
Sarah,Jones
Emily,Taylor
John,Moore
Katie,Davis
Chris,Wilson
Emily,Williams
Sarah,Jones
John,Davis
Sarah,Miller
Katie,Smith
Katie,Williams
Laura,Moore
Katie,Davis
Alex,Taylor
Emily,Miller
Jane,Moore
John,Smith
Laura,Jones
Laura,Wilson
Katie,Williams
Emily,Johnson
Chris,Wilson
Michael,Moore
John,Davis
Emily,Wilson
Jane,Miller
Laura,Jones
Laura,Williams
Sarah,Williams
Emily,Johnson
Laura,Moore
Jane,Moore
Chris,Smith
Jane,Smith
Jane,Taylor
David,Brown
Chris,Jones
Jane,Brown
Katie,Miller
Chris,Taylor
Katie,Taylor
David,Jones
Jane,Taylor
Alex,Johnson
John,Brown
John,Moore
Jane,Brown
Sarah,Smith
Sarah,Davis
Emily,Davis
Katie,Williams
Michael,Brown
Jane,Wilson
Jane,Johnson
Chris,Davis
Emily,Johnson
Michael,Davis
Michael,Johnson
Michael,Jones
Jane,Wilson
Laura,Jones
Jane,Taylor
Alex,Wilson
Emily,Johnson
Michael,Moore
Chris,Johnson
David,Taylor
Alex,Smith
Chris,Davis
Laura,Taylor
Laura,Smith
Jane,Williams
Laura,Smith
John,Smith
Chris,Jones
Laura,Williams
Chris,Jones
Emily,Wilson
Alex,Jones
Katie,Davis
Laura,Smith
Laura,Johnson
Katie,Brown
David,Moore
Sarah,Davis
Laura,Miller
Michael,Brown
Michael,Jones
Katie,Johnson
Laura,Smith
Laura,Jones
Michael,Jones
Jane,Williams
Jane,Taylor
John,Davis
Alex,Williams
Michael,Wilson
Katie,Davis
Jane,Jones
Alex,Brown
David,Taylor
Sarah,Brown
Michael,Wilson
David,Brown
Katie,Jones
Michael,Davis
Sarah,Davis
Chris,Brown
Emily,Taylor
Jane,Johnson
David,Taylor
David,Smith
Sarah,Smith
Michael,Moore
David,Taylor
Emily,Wilson
Alex,Brown
Laura,Moore
John,Williams
Emily,Johnson
Emily,Johnson
Katie,Moore
Chris,Jones
Michael,Jones
Katie,Johnson
Sarah,Williams
Alex,Johnson
Emily,Taylor
John,Moore
David,Smith
Katie,Miller
John,Smith
Michael,Johnson
John,Smith
Laura,Taylor
Katie,Taylor
Michael,Jones
John,Miller
Jane,Miller
Jane,Williams
David,Smith
Michael,Wilson
John,Davis
Laura,Miller
Katie,Moore
Chris,Davis
Sarah,Wilson
Sarah,Johnson
John,Davis
John,Johnson
Katie,Brown
Chris,Smith
Jane,Brown
Laura,Smith
Katie,Wilson
Michael,Moore
Jane,Moore
John,Williams
Katie,Brown
Sarah,Taylor
John,Williams
Jane,Davis
Sarah,Taylor
Emily,Williams
Katie,Moore
Sarah,Jones
John,Wilson
Emily,Jones
Laura,Smith
John,Moore
John,Smith
Jane,Smith
Katie,Wilson
Laura,Jones
Alex,Davis
Laura,Moore
Michael,Davis
Laura,Davis
Jane,Smith
Jane,Williams
Jane,Johnson
Jane,Taylor
David,Wilson
Laura,Williams
Sarah,Taylor
Alex,Wilson
Chris,Miller
Emily,Brown
Alex,Williams
Michael,Williams
Jane,Smith
Alex,Brown
Jane,Moore
Sarah,Smith
John,Taylor
Laura,Wilson
Jane,Miller
Chris,Taylor
Emily,Moore
Michael,Moore
David,Wilson
Alex,Smith
Michael,Smith
Alex,Miller
John,Davis
Chris,Smith
Jane,Taylor
David,Smith
Jane,Miller
Laura,Jones
David,Jones
Katie,Williams
Emily,Davis
Jane,Brown
Jane,Taylor
Alex,Williams
Laura,Williams
Katie,Brown
John,Moore
Laura,Wilson
Emily,Brown
Sarah,Brown
Laura,Wilson
Katie,Taylor
Katie,Smith
Laura,Taylor
Michael,Moore
Emily,Williams
Michael,Johnson
Laura,Smith
Katie,Taylor
Emily,Miller
Alex,Davis
Emily,Miller
Laura,Smith
Chris,Moore
Katie,Johnson
Katie,Davis
Michael,Jones
Michael,Williams
John,Johnson
Jane,Williams
Alex,Williams
Emily,Miller
Emily,Smith
David,Davis
Chris,Williams
David,Smith
Katie,Wilson
Laura,Taylor
Jane,Moore
Alex,Miller
Laura,Williams
David,Moore
Emily,Davis
Sarah,Williams
John,Smith
Laura,Davis
Sarah,Davis
Chris,Brown
Jane,Smith
Emily,Jones
Michael,Taylor
Emily,Williams
Sarah,Smith
Emily,Williams
Alex,Smith
Sarah,Davis
David,Jones
Alex,Davis
Jane,Miller
Emily,Wilson
Chris,Johnson
Laura,Williams
Katie,Smith
Jane,Brown
Chris,Wilson
John,Moore
Chris,Smith
John,Jones
Michael,Davis
Laura,Moore
Laura,Williams
Alex,Johnson
Laura,Williams
Chris,Wilson
Laura,Smith
John,Johnson
Emily,Williams
Laura,Brown
Emily,Moore
Michael,Wilson
Chris,Wilson
John,Smith
David,Davis
Michael,Miller
Katie,Smith
Alex,Brown
Katie,Moore
Jane,Jones
Chris,Brown
Chris,Davis
Michael,Taylor
Emily,Johnson
Alex,Moore
David,Davis
Laura,Johnson
Emily,Taylor
Laura,Smith
John,Moore
Alex,Johnson
Laura,Johnson
John,Williams
Alex,Taylor
Michael,Taylor
Chris,Williams
Katie,Brown
David,Taylor
John,Taylor
Chris,Johnson
Katie,Wilson
Michael,Davis
Emily,Smith
Laura,Johnson
Laura,Smith
Alex,Jones
Michael,Miller
Chris,Smith
Katie,Smith
Alex,Jones
Alex,Smith
Sarah,Taylor
Katie,Jones
Jane,Williams
Jane,Moore
Laura,Brown
Katie,Jones
John,Jones
Chris,Smith
Chris,Johnson
Chris,Williams
Jane,Williams
Sarah,Williams
Sarah,Moore
Laura,Taylor
David,Miller
John,Jones
Alex,Jones
Sarah,Smith
Sarah,Williams
Sarah,Smith
Chris,Smith
John,Moore
David,Miller
Alex,Wilson
David,Davis
Katie,Jones
Emily,Wilson
Chris,Smith
David,Jones
John,Wilson
John,Johnson
Chris,Davis
David,Taylor
Jane,Brown
Michael,Jones
John,Wilson
Sarah,Brown
Katie,Taylor
Laura,Moore
David,Wilson
Michael,Smith
David,Williams
Jane,Johnson
Katie,Johnson
Katie,Wilson
Michael,Williams
Jane,Jones
Laura,Wilson
Laura,Jones
Katie,Miller
Jane,Brown
John,Johnson
Alex,Smith
John,Williams
Michael,Taylor
Katie,Williams
John,Smith
Sarah,Johnson
John,Miller
Emily,Jones
Emily,Jones
Alex,Johnson
Laura,Jones
Chris,Johnson
Sarah,Moore
Emily,Taylor
Katie,Jones
Sarah,Williams
Michael,Taylor
Alex,Johnson
Sarah,Wilson
Laura,Smith
Sarah,Davis
Alex,Davis
Laura,Brown
David,Williams
Alex,Wilson
Alex,Taylor
John,Jones
Sarah,Williams
Emily,Miller
Alex,Smith
John,Wilson
Jane,Brown
Michael,Wilson
Laura,Davis
Sarah,Taylor
Sarah,Brown
Emily,Miller
Michael,Moore
Sarah,Williams
Michael,Smith
Chris,Taylor
Emily,Miller
Michael,Wilson
John,Taylor
Laura,Jones
Laura,Miller
Jane,Wilson
Jane,Miller
David,Smith
Michael,Wilson
Katie,Wilson
John,Moore
John,Miller
Katie,Taylor
Laura,Moore
David,Johnson
Alex,Moore
Emily,Wilson
Sarah,Smith
Sarah,Smith
Laura,Taylor
Michael,Moore
Sarah,Taylor
Chris,Williams
Katie,Wilson
Emily,Moore
Sarah,Johnson
Katie,Moore
Sarah,Brown
Chris,Brown
Katie,Williams
Michael,Davis
Katie,Smith
Sarah,Smith
Katie,Johnson
Katie,Taylor
Laura,Davis
Chris,Davis
Laura,Davis
Chris,Johnson
Alex,Davis
Emily,Johnson
Sarah,Johnson
Jane,Moore
Katie,Brown
Jane,Miller
Emily,Taylor
Jane,Jones
Emily,Davis
Katie,Smith
Alex,Brown
Emily,Jones
Laura,Wilson
Laura,Williams
John,Davis
Chris,Taylor
Sarah,Wilson
Michael,Brown
Michael,Wilson
Chris,Davis
Jane,Davis
Katie,Taylor
Alex,Davis
David,Brown
Sarah,Johnson
Chris,Davis
Laura,Taylor
John,Smith
Chris,Brown
Jane,Williams
Sarah,Moore
Katie,Moore
Michael,Taylor
Katie,Johnson
David,Jones
Emily,Johnson
Michael,Wilson
Katie,Jones
Jane,Brown
Laura,Davis
Alex,Miller
Jane,Taylor
Alex,Wilson
Jane,Taylor
Jane,Johnson
John,Jones
Alex,Wilson
Alex,Taylor
Laura,Wilson
Chris,Johnson
Chris,Williams
Sarah,Smith
Sarah,Williams
David,Moore
Katie,Williams
John,Smith
Michael,Jones
Emily,Jones
Katie,Williams
John,Wilson
Chris,Wilson
John,Davis
Sarah,Moore
Michael,Johnson
David,Moore
Alex,Williams
Alex,Moore
David,Davis
Katie,Brown
Sarah,Williams
Katie,Jones
Alex,Taylor
John,Wilson
John,Moore
Michael,Johnson
Alex,Miller
Katie,Wilson
Sarah,Brown
Michael,Moore
John,Moore
Chris,Wilson
Jane,Johnson
Laura,Taylor
Emily,Brown
Katie,Wilson
Alex,Williams
Jane,Jones
Katie,Johnson
Jane,Davis
Chris,Moore
Chris,Johnson
Jane,Jones
Michael,Moore
Alex,Wilson
Katie,Jones
Chris,Davis
Laura,Taylor
Emily,Brown
Emily,Brown
Laura,Davis
Emily,Wilson
Sarah,Miller
David,Brown
Alex,Williams
Alex,Moore
Michael,Taylor
David,Johnson
Jane,Johnson
Laura,Davis
Alex,Taylor
Alex,Jones
Sarah,Brown
Laura,Davis
Katie,Davis
Emily,Wilson
David,Davis
David,Wilson
Michael,Williams
Michael,Davis
David,Williams
Katie,Davis
Laura,Miller
Jane,Davis
Emily,Johnson
Chris,Brown
Emily,Davis
Jane,Johnson
David,Taylor
David,Miller
Jane,Miller
Michael,Taylor
Sarah,Moore
Katie,Moore
Emily,Williams
Chris,Wilson
Chris,Brown
David,Johnson
Katie,Jones
Chris,Williams
Laura,Smith
Sarah,Wilson
Jane,Williams
Jane,Smith
David,Wilson
Jane,Smith
David,Miller
David,Wilson
Emily,Taylor
Michael,Smith
David,Davis
Emily,Smith
Alex,Moore
David,Moore
Emily,Smith
David,Brown
Laura,Taylor
Laura,Jones
John,Johnson
John,Johnson
John,Davis
Jane,Jones
Sarah,Moore
Laura,Wilson
Michael,Jones
Chris,Williams
Chris,Miller
Jane,Taylor
Chris,Taylor
Jane,Wilson
David,Wilson
Chris,Miller
David,Brown
David,Miller
Laura,Davis
Chris,Wilson
